이름,나이,거주지
이주연,27,서울
이솔이,15,일산
김요한,20,서울
박보영,24,판교
구영은,26,분당
이주연,27,서울
이솔이,15,일산
김요한,20,서울
박보영,24,판교
구영은,26,분당
이주연,27,서울
이솔이,15,일산
김요한,20,서울
박보영,24,판교
구영은,26,분당
이주연,27,서울
이솔이,15,일산
김요한,20,서울
박보영,24,판교
구영은,26,분당
이주연,27,서울
이솔이,15,일산
김요한,20,서울
박보영,24,판교
구영은,26,분당
이주연,27,서울
이솔이,15,일산
김요한,20,서울
박보영,24,판교
구영은,26,분당
이주연,27,서울
이솔이,15,일산
김요한,20,서울
박보영,24,판교
구영은,26,분당
이주연,27,서울
이솔이,15,일산
김요한,20,서울
박보영,24,판교
구영은,26,분당
이주연,27,서울
이솔이,15,일산
김요한,20,서울
박보영,24,판교
구영은,26,분당
이주연,27,서울
이솔이,15,일산
김요한,20,서울
박보영,24,판교
구영은,26,분당
이주연,27,서울
이솔이,15,일산
김요한,20,서울
박보영,24,판교
구영은,26,분당
이주연,27,서울
이솔이,15,일산
김요한,20,서울
박보영,24,판교
구영은,26,분당
이주연,27,서울
이솔이,15,일산
김요한,20,서울
박보영,24,판교
구영은,26,분당
이주연,27,서울
이솔이,15,일산
김요한,20,서울
박보영,24,판교
구영은,26,분당
이주연,27,서울
이솔이,15,일산
김요한,20,서울
박보영,24,판교
구영은,26,분당
이주연,27,서울
이솔이,15,일산
김요한,20,서울
박보영,24,판교
구영은,26,분당
이주연,27,서울
이솔이,15,일산
김요한,20,서울
박보영,24,판교
구영은,26,분당
이주연,27,서울
이솔이,15,일산
김요한,20,서울
박보영,24,판교
구영은,26,분당
이주연,27,서울
이솔이,15,일산
김요한,20,서울
박보영,24,판교
구영은,26,분당
이주연,27,서울
이솔이,15,일산
김요한,20,서울
박보영,24,판교
구영은,26,분당
,20,서울
,24,판교
,26,분당